{
  "tests": [
    {
      "name": "Q1",
      "setup": "sudo -H pip3 install pytest",
      "run": "pytest test_cases/pytests/test_q1.py",
      "input": "",
      "output": "",
      "comparison": "included",
      "timeout": 5,
      "points": 5
    },
    {
      "name": "Q2",
      "setup": "sudo -H pip3 install pytest",
      "run": "pytest test_cases/pytests/test_q2.py",
      "input": "",
      "output": "",
      "comparison": "included",
      "timeout": 10,
      "points": 3
    },
    {
      "name": "Q3",
      "setup": "sudo -H pip3 install pytest",
      "run": "pytest test_cases/pytests/test_q3.py",
      "input": "",
      "output": "",
      "comparison": "included",
      "timeout": 10,
      "points": 5
    },
    {
      "name": "Q4 ",
      "setup": "sudo -H pip3 install pytest",
      "run": "pytest test_cases/pytests/test_q4.py",
      "input": "",
      "output": "",
      "comparison": "included",
      "timeout": 10,
      "points": 5
    }
  ]
}